{"rpoA": {"primary": {}}, "rpoB": {"primary": {"rifr_primary_brandis.csv": {"n": 21, "cscs": {"Dt(min)": [-0.006019565285701706, 0.9799058008020176]}, "semantic": {"Dt(min)": [0.060150375939849614, 0.8011125555760907]}, "grammar": {"Dt(min)": [-0.1533834586466165, 0.5185244542213634]}}, "rifr_primary_brandis_pietsch.csv": {"n": 9, "cscs": {"rel_fit_cost": [0.017025130615174973, 0.9653250652330921], "comp_fit_cost": [-0.09363821838346234, 0.8106301192257079], "prop_comp_mutations": [-0.047015416590201184, 0.9043972332660803]}, "semantic": {"rel_fit_cost": [-0.13333333333333333, 0.7323675052362975], "comp_fit_cost": [-0.06666666666666667, 0.8646897846262037], "prop_comp_mutations": [-0.16736548175114463, 0.6669046355985243]}, "grammar": {"rel_fit_cost": [-0.11666666666666665, 0.7650079429261462], "comp_fit_cost": [-0.21666666666666667, 0.5755148957119259], "prop_comp_mutations": [-0.15899720766358738, 0.6828398157150526]}}, "rifr_primary_brandis_pietsch_2.csv": {"n": 82, "cscs": {"lb_rifampin": [-0.1826705893120226, 0.11928585277669448], "lb_rifampin_100": [-0.23705026881770874, 0.04199690983789087]}, "semantic": {"lb_rifampin": [-0.30875634069072544, 0.007438688528237842], "lb_rifampin_100": [-0.2720861303421347, 0.01901909899419647]}, "grammar": {"lb_rifampin": [0.0514347069847894, 0.6634073710344139], "lb_rifampin_100": [-0.05347735705675101, 0.6508931244459284]}}}, "secondary": {"single": {"rifr_comp_brandis.csv": {"cscs": {"Dt(min)_ori": [-0.7247137945655605, 0.10324280462370763], "Dt(min)_recon": [-0.7247137945655605, 0.10324280462370763]}, "semantic": {"Dt(min)_ori": [-0.7714285714285715, 0.07239650145772594], "Dt(min)_recon": [-0.7714285714285715, 0.07239650145772594]}, "grammar": {"Dt(min)_ori": [-0.028571428571428574, 0.9571545189504373], "Dt(min)_recon": [-0.028571428571428574, 0.9571545189504373]}}, "rifr_comp_brandis_hughes.csv": {"cscs": {"Dt(min)": [-0.23190841426097938, 0.658373571260927]}, "semantic": {"Dt(min)": [-0.7714285714285715, 0.07239650145772594]}, "grammar": {"Dt(min)": [0.2571428571428572, 0.6227871720116618]}}}, "combinatoric": {"rifr_comp_brandis.csv": {"cscs": {"Dt(min)_ori": [-0.8406680016960503, 0.0360575728451592], "Dt(min)_recon": [-0.8406680016960503, 0.0360575728451592]}, "semantic": {"Dt(min)_ori": [-0.7714285714285715, 0.07239650145772594], "Dt(min)_recon": [-0.7714285714285715, 0.07239650145772594]}, "grammar": {"Dt(min)_ori": [-0.2, 0.704], "Dt(min)_recon": [-0.2, 0.704]}, "n": 6}, "rifr_comp_brandis_hughes.csv": {"cscs": {"Dt(min)": [-0.6, 0.20799999999999982]}, "semantic": {"Dt(min)": [-0.7714285714285715, 0.07239650145772594]}, "grammar": {"Dt(min)": [-0.6, 0.20799999999999982]}, "n": 6}}}}, "rpoC": {"primary": {}}}