{
    "rpoA": {
        "primary": {}
    },
    "rpoB": {
        "primary": {
            "rifr_primary_brandis.csv": {
                "n": 21,
                "cscs": {
                    "Dt(min)": [
                        -0.27775704569832066,
                        0.23574301810644277
                    ]
                },
                "semantic": {
                    "Dt(min)": [
                        -0.38796992481203,
                        0.0909728657975423
                    ]
                },
                "grammar": {
                    "Dt(min)": [
                        -0.1533834586466165,
                        0.5185244542213634
                    ]
                }
            },
            "rifr_primary_brandis_pietsch.csv": {
                "n": 9,
                "cscs": {
                    "rel_fit_cost": [
                        -0.1596695032950434,
                        0.6815555031835359
                    ],
                    "comp_fit_cost": [
                        -0.38656827113536824,
                        0.3040820479752826
                    ],
                    "prop_comp_mutations": [
                        -0.1898751079416854,
                        0.6246231323438359
                    ]
                },
                "semantic": {
                    "rel_fit_cost": [
                        0.016666666666666666,
                        0.9660548039946861
                    ],
                    "comp_fit_cost": [
                        -0.26666666666666666,
                        0.4879222748387009
                    ],
                    "prop_comp_mutations": [
                        -0.02510482226267169,
                        0.9488837293174808
                    ]
                },
                "grammar": {
                    "rel_fit_cost": [
                        -0.11666666666666665,
                        0.7650079429261462
                    ],
                    "comp_fit_cost": [
                        -0.21666666666666667,
                        0.5755148957119259
                    ],
                    "prop_comp_mutations": [
                        -0.15899720766358738,
                        0.6828398157150526
                    ]
                }
            },
            "rifr_primary_brandis_pietsch_2.csv": {
                "n": 82,
                "cscs": {
                    "lb_rifampin": [
                        0.0032442282480892376,
                        0.9781145002888574
                    ],
                    "lb_rifampin_100": [
                        -0.12724340970431317,
                        0.2799851387934647
                    ]
                },
                "semantic": {
                    "lb_rifampin": [
                        -0.04591062241659866,
                        0.6977057459143743
                    ],
                    "lb_rifampin_100": [
                        -0.1124422404633188,
                        0.34017140956736125
                    ]
                },
                "grammar": {
                    "lb_rifampin": [
                        0.0514347069847894,
                        0.6634073710344139
                    ],
                    "lb_rifampin_100": [
                        -0.05347735705675101,
                        0.6508931244459284
                    ]
                }
            },
            "overall_escape_id": {
                "cscs BEDROC": 0.9999988824838115,
                "semantic BEDROC": 0.011438606513555319,
                "grammar BEDROC": 0.9999989231034151,
                "cscs APS": 0.4789399378549618,
                "semantic APS": 0.7063314722389122,
                "grammar APS": 0.4791086403380945
            }
        },
        "secondary": {
            "single": {
                "rifr_comp_brandis.csv": {
                    "cscs": {
                        "Dt(min)_ori": [
                            0.08571428571428573,
                            0.8717434402332361
                        ],
                        "Dt(min)_recon": [
                            0.08571428571428573,
                            0.8717434402332361
                        ]
                    },
                    "semantic": {
                        "Dt(min)_ori": [
                            0.08571428571428573,
                            0.8717434402332361
                        ],
                        "Dt(min)_recon": [
                            0.08571428571428573,
                            0.8717434402332361
                        ]
                    },
                    "grammar": {
                        "Dt(min)_ori": [
                            -0.028571428571428574,
                            0.9571545189504373
                        ],
                        "Dt(min)_recon": [
                            -0.028571428571428574,
                            0.9571545189504373
                        ]
                    }
                },
                "rifr_comp_brandis_hughes.csv": {
                    "cscs": {
                        "Dt(min)": [
                            0.5507824838698261,
                            0.2573693316225744
                        ]
                    },
                    "semantic": {
                        "Dt(min)": [
                            0.7714285714285715,
                            0.07239650145772594
                        ]
                    },
                    "grammar": {
                        "Dt(min)": [
                            0.2571428571428572,
                            0.6227871720116618
                        ]
                    }
                }
            },
            "combinatoric": {
                "rifr_comp_brandis.csv": {
                    "cscs": {
                        "Dt(min)_ori": [
                            -0.08827348295047495,
                            0.8679336982351336
                        ],
                        "Dt(min)_recon": [
                            -0.08827348295047495,
                            0.8679336982351336
                        ]
                    },
                    "semantic": {
                        "Dt(min)_ori": [
                            0.08571428571428573,
                            0.8717434402332361
                        ],
                        "Dt(min)_recon": [
                            0.08571428571428573,
                            0.8717434402332361
                        ]
                    },
                    "grammar": {
                        "Dt(min)_ori": [
                            -0.2,
                            0.704
                        ],
                        "Dt(min)_recon": [
                            -0.2,
                            0.704
                        ]
                    },
                    "n": 6
                },
                "rifr_comp_brandis_hughes.csv": {
                    "cscs": {
                        "Dt(min)": [
                            0.35856858280031817,
                            0.4851979632652574
                        ]
                    },
                    "semantic": {
                        "Dt(min)": [
                            0.7714285714285715,
                            0.07239650145772594
                        ]
                    },
                    "grammar": {
                        "Dt(min)": [
                            -0.6,
                            0.20799999999999982
                        ]
                    },
                    "n": 6
                }
            }
        }
    },
    "rpoC": {
        "primary": {}
    }
}