{"intra-epoch training loss": 2.7981722354888916, "_step": 9, "_runtime": 52, "_timestamp": 1612747794, "training_loss": 2.807631148232354, "valid_loss": 2.790773034095764, "test_loss": 2.792463541030884, "epoch": 1}